{"cameraMode":{"drawMode":0,"name":"Shaded","section":"Shading Mode"},"sceneLighting":false,"audioPlay":false,"sceneViewState":{"m_AlwaysRefresh":false,"showFog":true,"showSkybox":false,"showFlares":true,"showImageEffects":true,"showParticleSystems":true,"showVisualEffectGraphs":true,"m_FxEnabled":true},"in2DMode":false,"pivot":{"x":1.5787380933761597,"y":-0.9826394319534302,"z":-0.14491873979568482},"rotation":{"x":-0.21950829029083253,"y":-0.5957800149917603,"z":0.17255805432796479,"w":-0.7533962726593018},"size":1.546372890472412,"orthographic":false}