{"cameraMode":{"drawMode":0,"name":"Shaded","section":"Shading Mode"},"sceneLighting":true,"audioPlay":false,"sceneViewState":{"m_AlwaysRefresh":false,"showFog":true,"showSkybox":true,"showFlares":true,"showImageEffects":true,"showParticleSystems":true,"showVisualEffectGraphs":true,"m_FxEnabled":true},"in2DMode":false,"pivot":{"x":17.07420539855957,"y":-0.9186447262763977,"z":23.453975677490236},"rotation":{"x":-0.06320344656705857,"y":-0.19601719081401826,"z":0.012664824724197388,"w":-0.9785166382789612},"size":12.124356269836426,"orthographic":false}