{"cameraMode":{"drawMode":0,"name":"Shaded","section":"Shading Mode"},"sceneLighting":true,"audioPlay":false,"sceneViewState":{"m_AlwaysRefresh":false,"showFog":true,"showSkybox":true,"showFlares":true,"showImageEffects":true,"showParticleSystems":true,"showVisualEffectGraphs":true,"m_FxEnabled":true},"in2DMode":false,"pivot":{"x":251.52230834960938,"y":206.823486328125,"z":107.55147552490235},"rotation":{"x":-0.06864587962627411,"y":0.005433857440948486,"z":0.00032241136068478227,"w":0.9977502822875977},"size":334.30230712890627,"orthographic":false}