{"cameraMode":{"drawMode":0,"name":"Shaded","section":"Shading Mode"},"sceneLighting":true,"audioPlay":false,"sceneViewState":{"m_AlwaysRefresh":false,"showFog":true,"showSkybox":true,"showFlares":true,"showImageEffects":true,"showParticleSystems":true,"showVisualEffectGraphs":true,"m_FxEnabled":true},"in2DMode":false,"pivot":{"x":34.80294418334961,"y":-10.876235008239746,"z":0.32390516996383669},"rotation":{"x":0.17203901708126069,"y":0.6666361689567566,"z":-0.16237546503543855,"w":0.7069743275642395},"size":13.608617782592774,"orthographic":false}