{"cameraMode":{"drawMode":0,"name":"Shaded","section":"Shading Mode"},"sceneLighting":true,"audioPlay":false,"sceneViewState":{"m_AlwaysRefresh":false,"showFog":true,"showSkybox":true,"showFlares":true,"showImageEffects":true,"showParticleSystems":true,"showVisualEffectGraphs":true,"m_FxEnabled":true},"in2DMode":false,"pivot":{"x":14.004218101501465,"y":2.0790445804595949,"z":-28.61996841430664},"rotation":{"x":0.0017325449734926224,"y":-0.9981179237365723,"z":0.03265247121453285,"w":0.05275395140051842},"size":2.1289045810699465,"orthographic":false}