{"cameraMode":{"drawMode":0,"name":"Shaded","section":"Shading Mode"},"sceneLighting":true,"audioPlay":false,"sceneViewState":{"m_AlwaysRefresh":false,"showFog":true,"showSkybox":true,"showFlares":true,"showImageEffects":true,"showParticleSystems":true,"showVisualEffectGraphs":true,"m_FxEnabled":false},"in2DMode":false,"pivot":{"x":59.497100830078128,"y":0.9778925776481628,"z":-2.1555306911468508},"rotation":{"x":0.0014726156368851662,"y":-0.7161206603050232,"z":-0.0019085623789578677,"w":-0.6981760859489441},"size":27.757598876953126,"orthographic":false}