{"cameraMode":{"drawMode":0,"name":"Shaded","section":"Shading Mode"},"sceneLighting":true,"audioPlay":false,"sceneViewState":{"m_AlwaysRefresh":false,"showFog":true,"showSkybox":true,"showFlares":true,"showImageEffects":true,"showParticleSystems":true,"showVisualEffectGraphs":true,"m_FxEnabled":true},"in2DMode":false,"pivot":{"x":6.403743267059326,"y":4.1768341064453129,"z":2.2597432136535646},"rotation":{"x":0.10042426735162735,"y":0.885216236114502,"z":-0.22540400922298432,"w":0.39464443922042849},"size":0.8660253882408142,"orthographic":false}