{"cameraMode":{"drawMode":0,"name":"Shaded","section":"Shading Mode"},"sceneLighting":false,"audioPlay":false,"sceneViewState":{"m_AlwaysRefresh":false,"showFog":true,"showSkybox":false,"showFlares":true,"showImageEffects":true,"showParticleSystems":true,"showVisualEffectGraphs":true,"m_FxEnabled":true},"in2DMode":false,"pivot":{"x":-0.48316478729248049,"y":8.26478099822998,"z":0.14821243286132813},"rotation":{"x":0.20475636422634126,"y":0.4692702293395996,"z":-0.11362895369529724,"w":0.8516960740089417},"size":13.335405349731446,"orthographic":false}