{"cameraMode":{"drawMode":0,"name":"Shaded","section":"Shading Mode"},"sceneLighting":true,"audioPlay":false,"sceneViewState":{"m_AlwaysRefresh":false,"showFog":true,"showSkybox":false,"showFlares":true,"showImageEffects":true,"showParticleSystems":true,"showVisualEffectGraphs":true,"m_FxEnabled":true},"in2DMode":false,"pivot":{"x":-1.397639274597168,"y":0.578028678894043,"z":-21.849143981933595},"rotation":{"x":-0.0038990136235952379,"y":-0.36598166823387148,"z":-0.0015356617514044047,"w":0.9306184649467468},"size":4.330127239227295,"orthographic":false}