{"cameraMode":{"drawMode":0,"name":"Shaded","section":"Shading Mode"},"sceneLighting":true,"audioPlay":false,"sceneViewState":{"m_AlwaysRefresh":false,"showFog":true,"showSkybox":false,"showFlares":true,"showImageEffects":true,"showParticleSystems":true,"showVisualEffectGraphs":true,"m_FxEnabled":true},"in2DMode":false,"pivot":{"x":-15.524035453796387,"y":0.4587700664997101,"z":-22.206018447875978},"rotation":{"x":0.022084934636950494,"y":-0.6418018341064453,"z":0.01849379949271679,"w":0.7663358449935913},"size":8.66025447845459,"orthographic":false}