{"cameraMode":{"drawMode":0,"name":"Shaded","section":"Shading Mode"},"sceneLighting":false,"audioPlay":false,"sceneViewState":{"m_AlwaysRefresh":false,"showFog":true,"showSkybox":false,"showFlares":true,"showImageEffects":true,"showParticleSystems":true,"showVisualEffectGraphs":true,"m_FxEnabled":true},"in2DMode":false,"pivot":{"x":-0.0053768157958984379,"y":0.5436787605285645,"z":0.06384754180908203},"rotation":{"x":0.24459296464920045,"y":0.4360347092151642,"z":-0.12524569034576417,"w":0.8572030663490295},"size":3.79156756401062,"orthographic":false}