{"cameraMode":{"drawMode":0,"name":"Shaded","section":"Shading Mode"},"sceneLighting":false,"audioPlay":false,"sceneViewState":{"m_AlwaysRefresh":false,"showFog":true,"showSkybox":false,"showFlares":true,"showImageEffects":true,"showParticleSystems":true,"showVisualEffectGraphs":true,"m_FxEnabled":true},"in2DMode":false,"pivot":{"x":0.2221442461013794,"y":-0.27369800209999087,"z":-0.027772724628448488},"rotation":{"x":-0.298870325088501,"y":-0.2936285138130188,"z":0.09745241701602936,"w":-0.9029712677001953},"size":1.9302067756652833,"orthographic":false}