{"cameraMode":{"drawMode":0,"name":"Shaded","section":"Shading Mode"},"sceneLighting":false,"audioPlay":false,"sceneViewState":{"m_AlwaysRefresh":false,"showFog":true,"showSkybox":false,"showFlares":true,"showImageEffects":true,"showParticleSystems":true,"showVisualEffectGraphs":true,"m_FxEnabled":true},"in2DMode":false,"pivot":{"x":-1.0087709426879883,"y":0.5676885843276978,"z":0.43515557050704958},"rotation":{"x":0.0602540522813797,"y":-0.3646869957447052,"z":0.023509260267019273,"w":0.9290356040000916},"size":1.3888587951660157,"orthographic":false}