{"cameraMode":{"drawMode":0,"name":"Shaded","section":"Shading Mode"},"sceneLighting":false,"audioPlay":false,"sceneViewState":{"m_AlwaysRefresh":false,"showFog":true,"showSkybox":false,"showFlares":true,"showImageEffects":true,"showParticleSystems":true,"showVisualEffectGraphs":true,"m_FxEnabled":true},"in2DMode":false,"pivot":{"x":-17.502735137939454,"y":0.47336870431900027,"z":-0.3093980550765991},"rotation":{"x":-0.28248053789138796,"y":-0.10020682215690613,"z":0.02968529611825943,"w":-0.95356285572052},"size":0.6559441685676575,"orthographic":false}