{"cameraMode":{"drawMode":0,"name":"Shaded","section":"Shading Mode"},"sceneLighting":false,"audioPlay":false,"sceneViewState":{"m_AlwaysRefresh":false,"showFog":true,"showSkybox":false,"showFlares":true,"showImageEffects":true,"showParticleSystems":true,"showVisualEffectGraphs":true,"m_FxEnabled":true},"in2DMode":false,"pivot":{"x":-0.041863441467285159,"y":7.099584579467773,"z":-1.5536293983459473},"rotation":{"x":0.20475636422634126,"y":0.4692702293395996,"z":-0.11362895369529724,"w":0.8516960740089417},"size":12.116005897521973,"orthographic":false}