{"cameraMode":{"drawMode":0,"name":"Shaded","section":"Shading Mode"},"sceneLighting":false,"audioPlay":false,"sceneViewState":{"m_AlwaysRefresh":false,"showFog":true,"showSkybox":false,"showFlares":true,"showImageEffects":true,"showParticleSystems":true,"showVisualEffectGraphs":true,"m_FxEnabled":true},"in2DMode":false,"pivot":{"x":0.004549488425254822,"y":0.11004339903593064,"z":-0.0056178392842411999},"rotation":{"x":-0.16984204947948457,"y":-0.699531614780426,"z":0.17582784593105317,"w":-0.6718751788139343},"size":0.10559020191431046,"orthographic":false}