{"cameraMode":{"drawMode":0,"name":"Shaded","section":"Shading Mode"},"sceneLighting":false,"audioPlay":false,"sceneViewState":{"m_AlwaysRefresh":false,"showFog":true,"showSkybox":false,"showFlares":true,"showImageEffects":true,"showParticleSystems":true,"showVisualEffectGraphs":true,"m_FxEnabled":true},"in2DMode":false,"pivot":{"x":0.3562544882297516,"y":0.6002179980278015,"z":-0.7581110596656799},"rotation":{"x":-0.08949416130781174,"y":0.4541480839252472,"z":-0.045835234224796298,"w":-0.8852882981300354},"size":1.2274068593978882,"orthographic":false}