{"cameraMode":{"drawMode":0,"name":"Shaded","section":"Shading Mode"},"sceneLighting":true,"audioPlay":false,"sceneViewState":{"m_AlwaysRefresh":false,"showFog":true,"showSkybox":true,"showFlares":true,"showImageEffects":true,"showParticleSystems":true,"showVisualEffectGraphs":true,"m_FxEnabled":true},"in2DMode":false,"pivot":{"x":-0.8089919090270996,"y":1.7369396686553956,"z":-20.364194869995118},"rotation":{"x":0.09365610778331757,"y":0.06053073704242706,"z":-0.004950543399900198,"w":0.9939979910850525},"size":1.9628002643585206,"orthographic":false}