{"cameraMode":{"drawMode":0,"name":"Shaded","section":"Shading Mode"},"sceneLighting":true,"audioPlay":false,"sceneViewState":{"m_AlwaysRefresh":false,"showFog":true,"showSkybox":true,"showFlares":true,"showImageEffects":true,"showParticleSystems":true,"showVisualEffectGraphs":true,"m_FxEnabled":true},"in2DMode":false,"pivot":{"x":23.045738220214845,"y":3.30283784866333,"z":3.913297414779663},"rotation":{"x":0.005795012693852186,"y":-0.6114225387573242,"z":-0.003303930861875415,"w":-0.7917566895484924},"size":17.242053985595704,"orthographic":false}