{"cameraMode":{"drawMode":0,"name":"Shaded","section":"Shading Mode"},"sceneLighting":true,"audioPlay":false,"sceneViewState":{"m_AlwaysRefresh":false,"showFog":true,"showSkybox":true,"showFlares":true,"showImageEffects":true,"showParticleSystems":true,"showVisualEffectGraphs":true,"m_FxEnabled":true},"in2DMode":false,"pivot":{"x":-0.3973119258880615,"y":-5.137216091156006,"z":0.40369224548339846},"rotation":{"x":-0.1277659684419632,"y":0.0015251681907102466,"z":-0.00021343003027141094,"w":-0.9919570684432983},"size":12.12435531616211,"orthographic":false}