{"cameraMode":{"drawMode":0,"name":"Shaded","section":"Shading Mode"},"sceneLighting":true,"audioPlay":false,"sceneViewState":{"m_AlwaysRefresh":false,"showFog":true,"showSkybox":true,"showFlares":true,"showImageEffects":true,"showParticleSystems":true,"showVisualEffectGraphs":true,"m_FxEnabled":true},"in2DMode":false,"pivot":{"x":18.624481201171876,"y":-18.811731338500978,"z":13.951007843017579},"rotation":{"x":0.22603198885917664,"y":0.24131827056407929,"z":-0.057902973145246509,"w":0.941986083984375},"size":24.818273544311525,"orthographic":false}