{"cameraMode":{"drawMode":0,"name":"Shaded","section":"Shading Mode"},"sceneLighting":true,"audioPlay":false,"sceneViewState":{"m_AlwaysRefresh":false,"showFog":true,"showSkybox":true,"showFlares":true,"showImageEffects":true,"showParticleSystems":true,"showVisualEffectGraphs":true,"m_FxEnabled":true},"in2DMode":false,"pivot":{"x":1.5684916973114014,"y":2.8354039192199709,"z":-16.46683692932129},"rotation":{"x":0.08613486588001251,"y":-0.8151347637176514,"z":0.12685099244117738,"w":0.5590482354164124},"size":1.3628003597259522,"orthographic":false}