{"cameraMode":{"drawMode":0,"name":"Shaded","section":"Shading Mode"},"sceneLighting":true,"audioPlay":false,"sceneViewState":{"m_AlwaysRefresh":false,"showFog":true,"showSkybox":true,"showFlares":true,"showImageEffects":true,"showParticleSystems":true,"showVisualEffectGraphs":true,"m_FxEnabled":true},"in2DMode":false,"pivot":{"x":0.4301958978176117,"y":-15.854682922363282,"z":13.084538459777832},"rotation":{"x":-0.22513554990291596,"y":-0.02042967453598976,"z":0.004687860608100891,"w":-0.9742612838745117},"size":21.92154312133789,"orthographic":false}